Timestamp, R, G, B
2024-06-05 00:00:23, R: 7, G: 2, B: 8
2024-06-05 00:01:23, R: 7, G: 2, B: 7
2024-06-05 00:02:23, R: 7, G: 2, B: 8
2024-06-05 00:03:23, R: 7, G: 2, B: 8
2024-06-05 00:04:23, R: 7, G: 2, B: 8
2024-06-05 00:05:23, R: 7, G: 2, B: 8
2024-06-05 00:06:23, R: 7, G: 2, B: 8
2024-06-05 00:07:23, R: 7, G: 2, B: 8
2024-06-05 00:08:23, R: 7, G: 2, B: 8
2024-06-05 00:09:23, R: 7, G: 2, B: 8
2024-06-05 00:10:23, R: 7, G: 2, B: 7
2024-06-05 00:11:23, R: 7, G: 2, B: 8
2024-06-05 00:12:23, R: 7, G: 2, B: 8
2024-06-05 00:13:23, R: 7, G: 2, B: 7
2024-06-05 00:14:23, R: 7, G: 2, B: 8
2024-06-05 00:15:23, R: 8, G: 2, B: 8
2024-06-05 00:16:23, R: 7, G: 2, B: 8
2024-06-05 00:17:23, R: 8, G: 2, B: 8
2024-06-05 00:18:23, R: 7, G: 2, B: 7
2024-06-05 00:19:23, R: 7, G: 2, B: 8
2024-06-05 00:20:23, R: 7, G: 2, B: 8
2024-06-05 00:21:23, R: 7, G: 2, B: 8
2024-06-05 00:22:23, R: 8, G: 2, B: 8
2024-06-05 00:23:23, R: 7, G: 2, B: 8
2024-06-05 00:24:23, R: 7, G: 2, B: 7
2024-06-05 00:25:23, R: 7, G: 2, B: 7
2024-06-05 00:26:23, R: 7, G: 2, B: 7
2024-06-05 00:27:23, R: 7, G: 2, B: 7
2024-06-05 00:28:23, R: 8, G: 2, B: 8
2024-06-05 00:29:23, R: 7, G: 2, B: 8
2024-06-05 00:30:23, R: 6, G: 2, B: 7
2024-06-05 00:31:23, R: 7, G: 2, B: 8
2024-06-05 00:32:23, R: 7, G: 2, B: 8
2024-06-05 00:33:23, R: 7, G: 2, B: 8
2024-06-05 00:34:23, R: 6, G: 1, B: 7
2024-06-05 00:35:23, R: 7, G: 2, B: 7
2024-06-05 00:36:23, R: 7, G: 2, B: 8
2024-06-05 00:37:23, R: 7, G: 2, B: 8
2024-06-05 00:38:23, R: 7, G: 2, B: 8
2024-06-05 00:39:23, R: 6, G: 1, B: 7
2024-06-05 00:40:23, R: 7, G: 2, B: 7
2024-06-05 00:41:23, R: 7, G: 2, B: 7
2024-06-05 00:42:23, R: 7, G: 2, B: 7
2024-06-05 00:43:23, R: 7, G: 2, B: 8
2024-06-05 00:44:23, R: 7, G: 2, B: 7
2024-06-05 00:45:23, R: 7, G: 2, B: 8
2024-06-05 00:46:23, R: 8, G: 2, B: 8
2024-06-05 00:47:23, R: 7, G: 2, B: 7
2024-06-05 00:48:23, R: 8, G: 2, B: 8
2024-06-05 00:49:23, R: 7, G: 2, B: 8
2024-06-05 00:50:23, R: 7, G: 2, B: 8
2024-06-05 00:51:23, R: 7, G: 2, B: 7
2024-06-05 00:52:23, R: 7, G: 2, B: 8
2024-06-05 00:53:23, R: 7, G: 2, B: 8
2024-06-05 00:54:23, R: 7, G: 2, B: 8
2024-06-05 00:55:23, R: 8, G: 2, B: 8
2024-06-05 00:56:23, R: 7, G: 2, B: 8
2024-06-05 00:57:23, R: 7, G: 2, B: 7
2024-06-05 00:58:23, R: 7, G: 2, B: 8
2024-06-05 00:59:23, R: 7, G: 2, B: 7
2024-06-05 01:00:23, R: 7, G: 2, B: 8
2024-06-05 01:01:23, R: 7, G: 2, B: 7
2024-06-05 01:02:23, R: 7, G: 2, B: 7
2024-06-05 01:03:23, R: 6, G: 1, B: 7
2024-06-05 01:04:23, R: 6, G: 2, B: 7
2024-06-05 01:05:23, R: 6, G: 1, B: 7
2024-06-05 01:06:23, R: 5, G: 1, B: 6
2024-06-05 01:07:23, R: 6, G: 2, B: 7
2024-06-05 01:08:23, R: 6, G: 1, B: 7
2024-06-05 01:09:23, R: 5, G: 1, B: 6
2024-06-05 01:10:23, R: 5, G: 1, B: 6
2024-06-05 01:11:23, R: 6, G: 1, B: 7
2024-06-05 01:12:23, R: 7, G: 2, B: 8
2024-06-05 01:13:23, R: 7, G: 2, B: 7
2024-06-05 01:14:23, R: 6, G: 1, B: 7
2024-06-05 01:15:23, R: 7, G: 2, B: 7
2024-06-05 01:16:23, R: 7, G: 2, B: 8
2024-06-05 01:17:23, R: 7, G: 2, B: 8
2024-06-05 01:18:23, R: 7, G: 2, B: 7
2024-06-05 01:19:23, R: 7, G: 2, B: 7
2024-06-05 01:20:23, R: 7, G: 2, B: 7
2024-06-05 01:21:23, R: 7, G: 2, B: 8
2024-06-05 01:22:23, R: 7, G: 2, B: 8
2024-06-05 01:23:23, R: 7, G: 2, B: 8
2024-06-05 01:24:23, R: 7, G: 2, B: 7
2024-06-05 01:25:23, R: 7, G: 2, B: 8
2024-06-05 01:26:23, R: 7, G: 2, B: 8
2024-06-05 01:27:23, R: 7, G: 2, B: 8
2024-06-05 01:28:23, R: 5, G: 1, B: 6
2024-06-05 01:29:23, R: 6, G: 1, B: 6
2024-06-05 01:30:23, R: 7, G: 2, B: 7
2024-06-05 01:31:23, R: 7, G: 2, B: 7
2024-06-05 01:32:23, R: 6, G: 1, B: 7
2024-06-05 01:33:23, R: 7, G: 2, B: 7
2024-06-05 01:34:23, R: 7, G: 2, B: 8
2024-06-05 01:35:23, R: 5, G: 1, B: 6
2024-06-05 01:36:23, R: 6, G: 1, B: 7
2024-06-05 01:37:23, R: 6, G: 1, B: 7
2024-06-05 01:38:23, R: 5, G: 1, B: 6
2024-06-05 01:39:23, R: 5, G: 1, B: 6
2024-06-05 01:40:23, R: 6, G: 1, B: 6
2024-06-05 01:41:23, R: 6, G: 1, B: 7
2024-06-05 01:42:23, R: 6, G: 1, B: 7
2024-06-05 01:43:23, R: 6, G: 1, B: 7
2024-06-05 01:44:23, R: 6, G: 1, B: 6
2024-06-05 01:45:23, R: 6, G: 1, B: 7
2024-06-05 01:46:23, R: 6, G: 1, B: 7
2024-06-05 01:47:23, R: 5, G: 1, B: 6
2024-06-05 01:48:23, R: 5, G: 1, B: 6
2024-06-05 01:49:23, R: 4, G: 1, B: 6
2024-06-05 01:50:23, R: 4, G: 1, B: 6
2024-06-05 01:51:23, R: 5, G: 1, B: 6
2024-06-05 01:52:23, R: 6, G: 1, B: 7
2024-06-05 01:53:23, R: 6, G: 1, B: 7
2024-06-05 01:54:23, R: 5, G: 1, B: 6
2024-06-05 01:55:23, R: 4, G: 1, B: 6
2024-06-05 01:56:23, R: 4, G: 0, B: 5
2024-06-05 01:57:23, R: 6, G: 1, B: 7
2024-06-05 01:58:23, R: 5, G: 1, B: 6
2024-06-05 01:59:23, R: 6, G: 1, B: 7
2024-06-05 02:00:23, R: 3, G: 0, B: 5
2024-06-05 02:01:23, R: 5, G: 1, B: 6
2024-06-05 02:02:23, R: 6, G: 1, B: 7
2024-06-05 02:03:23, R: 6, G: 2, B: 7
2024-06-05 02:04:23, R: 6, G: 1, B: 7
2024-06-05 02:05:23, R: 6, G: 1, B: 6
2024-06-05 02:06:23, R: 6, G: 1, B: 7
2024-06-05 02:07:23, R: 6, G: 2, B: 7
2024-06-05 02:08:23, R: 6, G: 1, B: 7
2024-06-05 02:09:23, R: 6, G: 1, B: 7
2024-06-05 02:10:23, R: 6, G: 1, B: 7
2024-06-05 02:11:23, R: 6, G: 1, B: 7
2024-06-05 02:12:23, R: 6, G: 1, B: 7
2024-06-05 02:13:23, R: 6, G: 2, B: 7
2024-06-05 02:14:23, R: 5, G: 1, B: 6
2024-06-05 02:15:23, R: 7, G: 2, B: 7
2024-06-05 02:16:23, R: 7, G: 2, B: 7
2024-06-05 02:17:23, R: 7, G: 2, B: 7
2024-06-05 02:18:23, R: 7, G: 2, B: 7
2024-06-05 02:19:23, R: 7, G: 2, B: 7
2024-06-05 02:20:23, R: 7, G: 2, B: 7
2024-06-05 02:21:23, R: 7, G: 2, B: 8
2024-06-05 02:22:23, R: 7, G: 2, B: 8
2024-06-05 02:23:23, R: 7, G: 2, B: 7
2024-06-05 02:24:23, R: 7, G: 2, B: 7
2024-06-05 02:25:23, R: 7, G: 2, B: 8
2024-06-05 02:26:23, R: 7, G: 2, B: 8
2024-06-05 02:27:23, R: 7, G: 2, B: 7
2024-06-05 02:28:23, R: 7, G: 2, B: 7
2024-06-05 02:29:23, R: 6, G: 1, B: 7
2024-06-05 02:30:23, R: 7, G: 2, B: 8
2024-06-05 02:31:23, R: 7, G: 2, B: 7
2024-06-05 02:32:23, R: 7, G: 2, B: 8
2024-06-05 02:33:23, R: 6, G: 1, B: 7
2024-06-05 02:34:23, R: 5, G: 1, B: 6
2024-06-05 02:35:23, R: 5, G: 1, B: 6
2024-06-05 02:36:23, R: 6, G: 1, B: 7
2024-06-05 02:37:23, R: 7, G: 2, B: 7
2024-06-05 02:38:23, R: 7, G: 2, B: 7
2024-06-05 02:39:23, R: 7, G: 2, B: 7
2024-06-05 02:40:23, R: 7, G: 2, B: 7
2024-06-05 02:41:23, R: 6, G: 1, B: 7
2024-06-05 02:42:23, R: 6, G: 2, B: 7
2024-06-05 02:43:23, R: 6, G: 1, B: 7
2024-06-05 02:44:23, R: 6, G: 1, B: 7
2024-06-05 02:45:23, R: 5, G: 1, B: 6
2024-06-05 02:46:23, R: 6, G: 1, B: 7
2024-06-05 02:47:23, R: 6, G: 1, B: 7
2024-06-05 02:48:23, R: 5, G: 1, B: 6
2024-06-05 02:49:23, R: 6, G: 1, B: 7
2024-06-05 02:50:23, R: 6, G: 1, B: 7
2024-06-05 02:51:23, R: 6, G: 2, B: 7
2024-06-05 02:52:23, R: 6, G: 1, B: 7
2024-06-05 02:53:23, R: 5, G: 1, B: 7
2024-06-05 02:54:23, R: 7, G: 2, B: 8
2024-06-05 02:55:23, R: 7, G: 2, B: 8
2024-06-05 02:56:23, R: 7, G: 2, B: 8
2024-06-05 02:57:23, R: 7, G: 2, B: 8
2024-06-05 02:58:23, R: 6, G: 2, B: 8
2024-06-05 02:59:23, R: 6, G: 2, B: 8
2024-06-05 03:00:23, R: 7, G: 2, B: 9
2024-06-05 03:01:23, R: 7, G: 2, B: 9
2024-06-05 03:02:23, R: 8, G: 3, B: 9
2024-06-05 03:03:23, R: 8, G: 3, B: 9
2024-06-05 03:04:23, R: 8, G: 3, B: 10
2024-06-05 03:05:23, R: 8, G: 3, B: 10
2024-06-05 03:06:23, R: 8, G: 3, B: 11
2024-06-05 03:07:23, R: 9, G: 4, B: 11
2024-06-05 03:08:23, R: 9, G: 4, B: 12
2024-06-05 03:09:23, R: 9, G: 4, B: 12
2024-06-05 03:10:23, R: 8, G: 4, B: 12
2024-06-05 03:11:23, R: 8, G: 5, B: 13
2024-06-05 03:12:23, R: 10, G: 6, B: 14
2024-06-05 03:13:23, R: 9, G: 6, B: 15
2024-06-05 03:14:23, R: 10, G: 7, B: 16
2024-06-05 03:15:23, R: 10, G: 7, B: 16
2024-06-05 03:16:23, R: 10, G: 7, B: 17
2024-06-05 03:17:23, R: 10, G: 8, B: 17
2024-06-05 03:18:23, R: 11, G: 9, B: 18
2024-06-05 03:19:23, R: 11, G: 9, B: 19
2024-06-05 03:20:23, R: 10, G: 10, B: 20
2024-06-05 03:21:23, R: 11, G: 11, B: 20
2024-06-05 03:22:23, R: 11, G: 12, B: 21
2024-06-05 03:23:23, R: 13, G: 12, B: 24
2024-06-05 03:24:23, R: 16, G: 12, B: 27
2024-06-05 03:25:23, R: 16, G: 14, B: 27
2024-06-05 03:26:23, R: 18, G: 16, B: 29
2024-06-05 03:27:23, R: 18, G: 16, B: 31
2024-06-05 03:28:23, R: 15, G: 13, B: 28
2024-06-05 03:29:23, R: 16, G: 14, B: 30
2024-06-05 03:30:23, R: 14, G: 14, B: 28
2024-06-05 03:31:23, R: 17, G: 16, B: 30
2024-06-05 03:32:23, R: 15, G: 15, B: 29
2024-06-05 03:33:24, R: 13, G: 15, B: 28
2024-06-05 03:34:24, R: 14, G: 15, B: 29
2024-06-05 03:35:24, R: 15, G: 15, B: 29
2024-06-05 03:36:24, R: 15, G: 17, B: 31
2024-06-05 03:37:24, R: 15, G: 17, B: 31
2024-06-05 03:38:24, R: 15, G: 18, B: 31
2024-06-05 03:39:24, R: 17, G: 20, B: 34
2024-06-05 03:40:24, R: 19, G: 22, B: 35
2024-06-05 03:41:24, R: 18, G: 21, B: 36
2024-06-05 03:42:24, R: 19, G: 22, B: 35
2024-06-05 03:43:24, R: 19, G: 22, B: 36
2024-06-05 03:44:24, R: 19, G: 24, B: 38
2024-06-05 03:45:24, R: 21, G: 27, B: 39
2024-06-05 03:46:24, R: 21, G: 27, B: 40
2024-06-05 03:47:24, R: 22, G: 29, B: 42
2024-06-05 03:48:24, R: 26, G: 33, B: 44
2024-06-05 03:49:24, R: 28, G: 34, B: 46
2024-06-05 03:50:24, R: 31, G: 39, B: 48
2024-06-05 03:51:24, R: 36, G: 44, B: 52
2024-06-05 03:52:24, R: 37, G: 47, B: 53
2024-06-05 03:53:24, R: 41, G: 50, B: 56
2024-06-05 03:54:24, R: 45, G: 53, B: 59
2024-06-05 03:55:24, R: 46, G: 56, B: 60
2024-06-05 03:56:24, R: 51, G: 59, B: 66
2024-06-05 03:57:24, R: 52, G: 61, B: 66
2024-06-05 03:58:24, R: 54, G: 61, B: 68
2024-06-05 03:59:24, R: 57, G: 65, B: 72
2024-06-05 04:00:24, R: 58, G: 65, B: 73
2024-06-05 04:01:24, R: 58, G: 66, B: 74
2024-06-05 04:02:24, R: 55, G: 65, B: 73
2024-06-05 04:03:24, R: 54, G: 64, B: 75
2024-06-05 04:04:24, R: 52, G: 65, B: 75
2024-06-05 04:05:24, R: 57, G: 69, B: 81
2024-06-05 04:06:24, R: 63, G: 74, B: 85
2024-06-05 04:07:24, R: 65, G: 76, B: 87
2024-06-05 04:08:24, R: 66, G: 79, B: 90
2024-06-05 04:09:24, R: 70, G: 82, B: 93
2024-06-05 04:10:24, R: 74, G: 86, B: 96
2024-06-05 04:11:24, R: 77, G: 90, B: 99
2024-06-05 04:12:24, R: 82, G: 94, B: 102
2024-06-05 04:13:24, R: 86, G: 98, B: 104
2024-06-05 04:14:24, R: 93, G: 106, B: 109
2024-06-05 04:15:24, R: 101, G: 113, B: 114
2024-06-05 04:16:24, R: 108, G: 121, B: 120
2024-06-05 04:17:24, R: 121, G: 132, B: 128
2024-06-05 04:18:24, R: 132, G: 143, B: 137
2024-06-05 04:19:24, R: 141, G: 152, B: 143
2024-06-05 04:20:24, R: 127, G: 138, B: 128
2024-06-05 04:21:24, R: 135, G: 145, B: 135
2024-06-05 04:22:24, R: 141, G: 151, B: 140
2024-06-05 04:23:24, R: 145, G: 155, B: 144
2024-06-05 04:24:24, R: 126, G: 136, B: 125
2024-06-05 04:25:24, R: 134, G: 143, B: 131
2024-06-05 04:26:24, R: 140, G: 150, B: 137
2024-06-05 04:27:24, R: 145, G: 154, B: 142
2024-06-05 04:28:24, R: 132, G: 144, B: 132
2024-06-05 04:29:24, R: 137, G: 148, B: 136
2024-06-05 04:30:24, R: 143, G: 154, B: 141
2024-06-05 04:31:24, R: 147, G: 158, B: 144
2024-06-05 04:32:24, R: 150, G: 160, B: 147
2024-06-05 04:33:24, R: 133, G: 144, B: 129
2024-06-05 04:34:24, R: 138, G: 149, B: 134
2024-06-05 04:35:24, R: 143, G: 154, B: 139
2024-06-05 04:36:24, R: 147, G: 157, B: 142
2024-06-05 04:37:24, R: 148, G: 158, B: 143
2024-06-05 04:38:24, R: 134, G: 144, B: 130
2024-06-05 04:39:24, R: 138, G: 148, B: 135
2024-06-05 04:40:24, R: 145, G: 155, B: 141
2024-06-05 04:41:24, R: 152, G: 163, B: 151
2024-06-05 04:42:24, R: 162, G: 170, B: 159
2024-06-05 04:43:24, R: 155, G: 162, B: 152
2024-06-05 04:44:24, R: 161, G: 169, B: 161
2024-06-05 04:45:24, R: 164, G: 171, B: 163
2024-06-05 04:46:24, R: 141, G: 150, B: 139
2024-06-05 04:47:24, R: 144, G: 155, B: 143
2024-06-05 04:48:24, R: 147, G: 158, B: 146
2024-06-05 04:49:24, R: 149, G: 160, B: 149
2024-06-05 04:50:24, R: 149, G: 161, B: 149
2024-06-05 04:51:24, R: 149, G: 160, B: 151
2024-06-05 04:52:24, R: 151, G: 161, B: 152
2024-06-05 04:53:24, R: 155, G: 165, B: 155
2024-06-05 04:54:24, R: 157, G: 169, B: 159
2024-06-05 04:55:24, R: 160, G: 171, B: 161
2024-06-05 04:56:24, R: 144, G: 154, B: 146
2024-06-05 04:57:24, R: 147, G: 156, B: 149
2024-06-05 04:58:24, R: 154, G: 162, B: 155
2024-06-05 04:59:24, R: 162, G: 169, B: 162
2024-06-05 05:00:24, R: 141, G: 148, B: 142
2024-06-05 05:01:24, R: 145, G: 151, B: 146
2024-06-05 05:02:24, R: 148, G: 155, B: 149
2024-06-05 05:03:24, R: 148, G: 155, B: 150
2024-06-05 05:04:24, R: 151, G: 157, B: 152
2024-06-05 05:05:24, R: 157, G: 162, B: 160
2024-06-05 05:06:24, R: 165, G: 170, B: 168
2024-06-05 05:07:24, R: 151, G: 156, B: 151
2024-06-05 05:08:24, R: 155, G: 159, B: 157
2024-06-05 05:09:25, R: 156, G: 161, B: 157
2024-06-05 05:10:25, R: 160, G: 165, B: 161
2024-06-05 05:11:25, R: 167, G: 171, B: 169
2024-06-05 05:12:25, R: 141, G: 144, B: 143
2024-06-05 05:13:25, R: 148, G: 148, B: 149
2024-06-05 05:14:25, R: 153, G: 153, B: 155
2024-06-05 05:15:25, R: 154, G: 152, B: 151
2024-06-05 05:16:25, R: 160, G: 158, B: 157
2024-06-05 05:17:25, R: 151, G: 150, B: 151
2024-06-05 05:18:25, R: 159, G: 157, B: 153
2024-06-05 05:19:25, R: 166, G: 160, B: 154
2024-06-05 05:20:25, R: 154, G: 150, B: 151
2024-06-05 05:21:25, R: 149, G: 146, B: 147
2024-06-05 05:22:25, R: 139, G: 138, B: 139
2024-06-05 05:23:25, R: 136, G: 136, B: 137
2024-06-05 05:24:25, R: 130, G: 131, B: 133
2024-06-05 05:25:25, R: 131, G: 132, B: 134
2024-06-05 05:26:25, R: 129, G: 131, B: 131
2024-06-05 05:27:25, R: 123, G: 126, B: 126
2024-06-05 05:28:25, R: 129, G: 132, B: 132
2024-06-05 05:29:25, R: 137, G: 138, B: 139
2024-06-05 05:30:25, R: 154, G: 153, B: 154
2024-06-05 05:31:25, R: 153, G: 152, B: 153
2024-06-05 05:32:25, R: 137, G: 139, B: 140
2024-06-05 05:33:25, R: 115, G: 119, B: 119
2024-06-05 05:34:25, R: 105, G: 109, B: 109
2024-06-05 05:35:25, R: 147, G: 147, B: 144
2024-06-05 05:36:25, R: 147, G: 147, B: 144
2024-06-05 05:37:25, R: 131, G: 133, B: 130
2024-06-05 05:38:25, R: 130, G: 132, B: 130
2024-06-05 05:39:25, R: 126, G: 129, B: 126
2024-06-05 05:40:25, R: 124, G: 128, B: 125
2024-06-05 05:41:25, R: 126, G: 130, B: 127
2024-06-05 05:42:25, R: 131, G: 134, B: 131
2024-06-05 05:43:25, R: 132, G: 135, B: 132
2024-06-05 05:44:25, R: 131, G: 134, B: 131
2024-06-05 05:45:25, R: 123, G: 127, B: 125
2024-06-05 05:46:25, R: 128, G: 132, B: 129
2024-06-05 05:47:25, R: 128, G: 131, B: 128
2024-06-05 05:48:25, R: 126, G: 130, B: 127
2024-06-05 05:49:25, R: 126, G: 130, B: 127
2024-06-05 05:50:25, R: 128, G: 132, B: 128
2024-06-05 05:51:25, R: 130, G: 133, B: 129
2024-06-05 05:52:25, R: 132, G: 134, B: 131
2024-06-05 05:53:25, R: 135, G: 137, B: 134
2024-06-05 05:54:25, R: 135, G: 138, B: 135
2024-06-05 05:55:25, R: 135, G: 138, B: 134
2024-06-05 05:56:25, R: 134, G: 137, B: 133
2024-06-05 05:57:25, R: 132, G: 135, B: 132
2024-06-05 05:58:25, R: 130, G: 134, B: 130
2024-06-05 05:59:25, R: 133, G: 137, B: 133
2024-06-05 06:00:25, R: 136, G: 140, B: 136
2024-06-05 06:01:25, R: 133, G: 137, B: 133
2024-06-05 06:02:25, R: 134, G: 138, B: 134
2024-06-05 06:03:25, R: 136, G: 140, B: 137
2024-06-05 06:04:25, R: 134, G: 138, B: 135
2024-06-05 06:05:26, R: 133, G: 138, B: 134
2024-06-05 06:06:26, R: 136, G: 140, B: 136
2024-06-05 06:07:26, R: 131, G: 135, B: 132
2024-06-05 06:08:26, R: 132, G: 136, B: 132
2024-06-05 06:09:26, R: 138, G: 142, B: 138
2024-06-05 06:10:26, R: 137, G: 142, B: 137
2024-06-05 06:11:26, R: 139, G: 144, B: 139
2024-06-05 06:12:26, R: 144, G: 147, B: 143
2024-06-05 06:13:26, R: 143, G: 146, B: 142
2024-06-05 06:14:26, R: 141, G: 144, B: 140
2024-06-05 06:15:26, R: 147, G: 149, B: 144
2024-06-05 06:16:26, R: 142, G: 145, B: 140
2024-06-05 06:17:26, R: 135, G: 137, B: 133
2024-06-05 06:18:26, R: 105, G: 108, B: 108
2024-06-05 06:19:26, R: 119, G: 123, B: 118
2024-06-05 06:20:26, R: 112, G: 116, B: 111
2024-06-05 06:21:26, R: 108, G: 111, B: 107
2024-06-05 06:22:26, R: 107, G: 110, B: 106
2024-06-05 06:23:26, R: 108, G: 111, B: 106
2024-06-05 06:24:26, R: 110, G: 113, B: 108
2024-06-05 06:25:26, R: 114, G: 117, B: 111
2024-06-05 06:26:26, R: 122, G: 125, B: 117
2024-06-05 06:27:26, R: 119, G: 121, B: 114
2024-06-05 06:28:26, R: 117, G: 120, B: 113
2024-06-05 06:29:26, R: 114, G: 117, B: 110
2024-06-05 06:30:26, R: 112, G: 115, B: 107
2024-06-05 06:31:26, R: 111, G: 114, B: 107
2024-06-05 06:32:26, R: 110, G: 113, B: 105
2024-06-05 06:33:26, R: 108, G: 110, B: 103
2024-06-05 06:34:26, R: 106, G: 109, B: 102
2024-06-05 06:35:26, R: 106, G: 111, B: 102
2024-06-05 06:36:26, R: 108, G: 113, B: 103
2024-06-05 06:37:26, R: 110, G: 115, B: 105
2024-06-05 06:38:26, R: 111, G: 116, B: 107
2024-06-05 06:39:26, R: 113, G: 118, B: 108
2024-06-05 06:40:26, R: 114, G: 119, B: 109
2024-06-05 06:41:26, R: 115, G: 120, B: 110
2024-06-05 06:42:26, R: 114, G: 119, B: 109
2024-06-05 06:43:26, R: 110, G: 115, B: 105
2024-06-05 06:44:26, R: 103, G: 109, B: 98
2024-06-05 06:45:26, R: 122, G: 128, B: 116
2024-06-05 06:46:26, R: 115, G: 121, B: 109
2024-06-05 06:47:26, R: 108, G: 115, B: 102
2024-06-05 06:48:26, R: 134, G: 140, B: 128
2024-06-05 06:49:26, R: 129, G: 136, B: 123
2024-06-05 06:50:26, R: 126, G: 134, B: 120
2024-06-05 06:51:26, R: 124, G: 132, B: 118
2024-06-05 06:52:26, R: 122, G: 130, B: 116
2024-06-05 06:53:26, R: 121, G: 128, B: 114
2024-06-05 06:54:26, R: 119, G: 126, B: 112
2024-06-05 06:55:26, R: 117, G: 125, B: 111
2024-06-05 06:56:26, R: 115, G: 123, B: 109
2024-06-05 06:57:26, R: 113, G: 120, B: 107
2024-06-05 06:58:26, R: 138, G: 145, B: 131
2024-06-05 06:59:26, R: 135, G: 143, B: 129
2024-06-05 07:00:27, R: 132, G: 140, B: 126
2024-06-05 07:01:27, R: 130, G: 138, B: 124
2024-06-05 07:02:27, R: 131, G: 139, B: 125
2024-06-05 07:03:27, R: 133, G: 141, B: 126
2024-06-05 07:04:27, R: 136, G: 143, B: 128
2024-06-05 07:05:27, R: 138, G: 146, B: 130
2024-06-05 07:06:27, R: 142, G: 147, B: 134
2024-06-05 07:07:27, R: 144, G: 149, B: 136
2024-06-05 07:08:27, R: 144, G: 149, B: 136
2024-06-05 07:09:27, R: 144, G: 149, B: 135
2024-06-05 07:10:27, R: 144, G: 149, B: 136
2024-06-05 07:11:27, R: 146, G: 151, B: 137
2024-06-05 07:12:27, R: 146, G: 152, B: 138
2024-06-05 07:13:27, R: 147, G: 153, B: 139
2024-06-05 07:14:27, R: 148, G: 153, B: 140
2024-06-05 07:15:27, R: 149, G: 154, B: 140
2024-06-05 07:16:27, R: 151, G: 156, B: 143
2024-06-05 07:17:27, R: 152, G: 157, B: 144
2024-06-05 07:18:27, R: 151, G: 156, B: 142
2024-06-05 07:19:27, R: 147, G: 152, B: 138
2024-06-05 07:20:27, R: 144, G: 149, B: 135
2024-06-05 07:21:27, R: 142, G: 146, B: 133
2024-06-05 07:22:27, R: 140, G: 145, B: 132
2024-06-05 07:23:27, R: 140, G: 145, B: 132
2024-06-05 07:24:27, R: 140, G: 145, B: 132
2024-06-05 07:25:27, R: 141, G: 146, B: 132
2024-06-05 07:26:27, R: 140, G: 145, B: 131
2024-06-05 07:27:27, R: 140, G: 145, B: 131
2024-06-05 07:28:27, R: 141, G: 146, B: 132
2024-06-05 07:29:27, R: 142, G: 147, B: 132
2024-06-05 07:30:27, R: 143, G: 149, B: 134
2024-06-05 07:31:27, R: 145, G: 150, B: 135
2024-06-05 07:32:27, R: 147, G: 152, B: 137
2024-06-05 07:33:27, R: 149, G: 155, B: 139
2024-06-05 07:34:27, R: 151, G: 157, B: 142
2024-06-05 07:35:27, R: 152, G: 157, B: 142
2024-06-05 07:36:27, R: 152, G: 157, B: 142
2024-06-05 07:37:27, R: 151, G: 156, B: 142
2024-06-05 07:38:27, R: 150, G: 155, B: 141
2024-06-05 07:39:27, R: 150, G: 155, B: 141
2024-06-05 07:40:27, R: 151, G: 155, B: 142
2024-06-05 07:41:27, R: 149, G: 155, B: 141
2024-06-05 07:42:27, R: 148, G: 154, B: 140
2024-06-05 07:43:27, R: 148, G: 153, B: 139
2024-06-05 07:44:27, R: 146, G: 154, B: 138
2024-06-05 07:45:27, R: 146, G: 155, B: 138
2024-06-05 07:46:27, R: 147, G: 155, B: 139
2024-06-05 07:47:27, R: 147, G: 156, B: 139
2024-06-05 07:48:27, R: 148, G: 156, B: 140
2024-06-05 07:49:27, R: 149, G: 157, B: 140
2024-06-05 07:50:27, R: 149, G: 157, B: 140
2024-06-05 07:51:27, R: 149, G: 157, B: 141
2024-06-05 07:52:27, R: 150, G: 158, B: 142
2024-06-05 07:53:27, R: 151, G: 160, B: 143
2024-06-05 07:54:27, R: 154, G: 162, B: 145
2024-06-05 07:55:28, R: 156, G: 165, B: 148
2024-06-05 07:56:28, R: 159, G: 167, B: 150
2024-06-05 07:57:28, R: 161, G: 170, B: 153
2024-06-05 07:58:28, R: 164, G: 173, B: 156
2024-06-05 07:59:28, R: 167, G: 175, B: 159
2024-06-05 08:00:28, R: 171, G: 179, B: 162
2024-06-05 08:01:28, R: 174, G: 182, B: 165
2024-06-05 08:02:28, R: 154, G: 162, B: 146
2024-06-05 08:03:28, R: 157, G: 165, B: 149
2024-06-05 08:04:28, R: 162, G: 170, B: 155
2024-06-05 08:05:28, R: 169, G: 176, B: 161
2024-06-05 08:06:28, R: 172, G: 180, B: 165
2024-06-05 08:07:28, R: 174, G: 182, B: 167
2024-06-05 08:08:28, R: 150, G: 158, B: 143
2024-06-05 08:09:28, R: 150, G: 158, B: 143
2024-06-05 08:10:28, R: 145, G: 154, B: 138
2024-06-05 08:11:28, R: 143, G: 151, B: 135
2024-06-05 08:12:28, R: 142, G: 150, B: 134
2024-06-05 08:13:28, R: 141, G: 149, B: 133
2024-06-05 08:14:28, R: 141, G: 149, B: 134
2024-06-05 08:15:28, R: 140, G: 149, B: 133
2024-06-05 08:16:28, R: 140, G: 148, B: 133
2024-06-05 08:17:28, R: 137, G: 146, B: 130
2024-06-05 08:18:28, R: 135, G: 144, B: 128
2024-06-05 08:19:28, R: 137, G: 146, B: 129
2024-06-05 08:20:28, R: 140, G: 149, B: 132
2024-06-05 08:21:28, R: 143, G: 152, B: 135
2024-06-05 08:22:28, R: 145, G: 153, B: 137
2024-06-05 08:23:28, R: 144, G: 152, B: 136
2024-06-05 08:24:28, R: 146, G: 154, B: 139
2024-06-05 08:25:28, R: 148, G: 155, B: 142
2024-06-05 08:26:28, R: 138, G: 146, B: 132
2024-06-05 08:27:28, R: 133, G: 140, B: 126
2024-06-05 08:28:28, R: 128, G: 136, B: 121
2024-06-05 08:29:28, R: 126, G: 134, B: 119
2024-06-05 08:30:28, R: 126, G: 134, B: 119
2024-06-05 08:31:28, R: 127, G: 135, B: 120
2024-06-05 08:32:28, R: 122, G: 131, B: 116
2024-06-05 08:33:28, R: 119, G: 127, B: 113
2024-06-05 08:34:28, R: 114, G: 122, B: 109
2024-06-05 08:35:28, R: 137, G: 144, B: 131
2024-06-05 08:36:28, R: 130, G: 138, B: 124
2024-06-05 08:37:28, R: 126, G: 134, B: 120
2024-06-05 08:38:28, R: 125, G: 133, B: 117
2024-06-05 08:39:28, R: 126, G: 135, B: 118
2024-06-05 08:40:28, R: 127, G: 137, B: 119
2024-06-05 08:41:28, R: 130, G: 140, B: 122
2024-06-05 08:42:28, R: 136, G: 146, B: 128
2024-06-05 08:43:28, R: 145, G: 155, B: 137
2024-06-05 08:44:28, R: 165, G: 175, B: 159
2024-06-05 08:45:28, R: 167, G: 176, B: 163
2024-06-05 08:46:28, R: 183, G: 187, B: 179
2024-06-05 08:47:28, R: 187, G: 190, B: 183
2024-06-05 08:48:28, R: 169, G: 171, B: 164
2024-06-05 08:49:28, R: 171, G: 175, B: 166
2024-06-05 08:50:28, R: 139, G: 144, B: 135
2024-06-05 08:51:29, R: 175, G: 177, B: 170
2024-06-05 08:52:29, R: 175, G: 177, B: 169
2024-06-05 08:53:29, R: 178, G: 181, B: 174
2024-06-05 08:54:29, R: 167, G: 171, B: 164
2024-06-05 08:55:29, R: 187, G: 190, B: 183
2024-06-05 08:56:29, R: 136, G: 140, B: 132
2024-06-05 08:57:29, R: 133, G: 138, B: 127
2024-06-05 08:58:29, R: 127, G: 132, B: 121
2024-06-05 08:59:29, R: 122, G: 127, B: 116
2024-06-05 09:00:29, R: 121, G: 126, B: 114
2024-06-05 09:01:29, R: 123, G: 128, B: 116
2024-06-05 09:02:29, R: 125, G: 131, B: 118
2024-06-05 09:03:29, R: 126, G: 132, B: 120
2024-06-05 09:04:29, R: 126, G: 132, B: 120
2024-06-05 09:05:29, R: 125, G: 131, B: 119
2024-06-05 09:06:29, R: 125, G: 130, B: 119
2024-06-05 09:07:29, R: 124, G: 129, B: 118
2024-06-05 09:08:29, R: 149, G: 152, B: 144
2024-06-05 09:09:29, R: 117, G: 123, B: 112
2024-06-05 09:10:29, R: 114, G: 119, B: 109
2024-06-05 09:11:29, R: 118, G: 123, B: 112
2024-06-05 09:12:29, R: 114, G: 122, B: 109
2024-06-05 09:13:29, R: 116, G: 123, B: 110
2024-06-05 09:14:29, R: 119, G: 127, B: 113
2024-06-05 09:15:29, R: 134, G: 141, B: 127
2024-06-05 09:16:29, R: 132, G: 139, B: 124
2024-06-05 09:17:29, R: 138, G: 145, B: 130
2024-06-05 09:18:29, R: 134, G: 141, B: 126
2024-06-05 09:19:29, R: 134, G: 141, B: 126
2024-06-05 09:20:29, R: 132, G: 140, B: 124
2024-06-05 09:21:29, R: 132, G: 139, B: 124
2024-06-05 09:22:29, R: 131, G: 139, B: 123
2024-06-05 09:23:29, R: 136, G: 143, B: 126
2024-06-05 09:24:29, R: 134, G: 142, B: 125
2024-06-05 09:25:29, R: 134, G: 141, B: 125
2024-06-05 09:26:29, R: 136, G: 142, B: 127
2024-06-05 09:27:29, R: 134, G: 140, B: 126
2024-06-05 09:28:29, R: 133, G: 139, B: 124
2024-06-05 09:29:29, R: 133, G: 139, B: 124
2024-06-05 09:30:29, R: 134, G: 139, B: 125
2024-06-05 09:31:29, R: 136, G: 142, B: 127
2024-06-05 09:32:29, R: 137, G: 143, B: 129
2024-06-05 09:33:29, R: 139, G: 145, B: 130
2024-06-05 09:34:29, R: 138, G: 143, B: 129
2024-06-05 09:35:29, R: 138, G: 143, B: 129
2024-06-05 09:36:29, R: 137, G: 142, B: 129
2024-06-05 09:37:29, R: 135, G: 141, B: 127
2024-06-05 09:38:29, R: 137, G: 143, B: 130
2024-06-05 09:39:29, R: 135, G: 141, B: 128
2024-06-05 09:40:29, R: 138, G: 143, B: 130
2024-06-05 09:41:29, R: 138, G: 144, B: 131
2024-06-05 09:42:29, R: 145, G: 151, B: 137
2024-06-05 09:43:29, R: 142, G: 148, B: 135
2024-06-05 09:44:29, R: 135, G: 140, B: 129
2024-06-05 09:45:29, R: 133, G: 139, B: 127
2024-06-05 09:46:30, R: 139, G: 145, B: 133
2024-06-05 09:47:30, R: 135, G: 140, B: 129
2024-06-05 09:48:30, R: 139, G: 144, B: 132
2024-06-05 09:49:30, R: 135, G: 140, B: 129
2024-06-05 09:50:30, R: 135, G: 140, B: 129
2024-06-05 09:51:30, R: 139, G: 144, B: 132
2024-06-05 09:52:30, R: 148, G: 153, B: 139
2024-06-05 09:53:30, R: 139, G: 144, B: 131
2024-06-05 09:54:30, R: 164, G: 170, B: 152
2024-06-05 09:55:30, R: 162, G: 168, B: 150
2024-06-05 09:56:30, R: 170, G: 176, B: 158
2024-06-05 09:57:30, R: 148, G: 153, B: 139
2024-06-05 09:58:30, R: 140, G: 146, B: 132
2024-06-05 09:59:30, R: 136, G: 141, B: 129
2024-06-05 10:00:30, R: 131, G: 137, B: 124
2024-06-05 10:01:30, R: 132, G: 137, B: 125
2024-06-05 10:02:30, R: 131, G: 137, B: 124
2024-06-05 10:03:30, R: 132, G: 137, B: 125
2024-06-05 10:04:30, R: 132, G: 138, B: 125
2024-06-05 10:05:30, R: 134, G: 140, B: 128
2024-06-05 10:06:30, R: 131, G: 137, B: 125
2024-06-05 10:07:30, R: 129, G: 134, B: 123
2024-06-05 10:08:30, R: 125, G: 130, B: 120
2024-06-05 10:09:30, R: 123, G: 128, B: 117
2024-06-05 10:10:30, R: 125, G: 131, B: 119
2024-06-05 10:11:30, R: 158, G: 164, B: 146
2024-06-05 10:12:30, R: 158, G: 165, B: 147
2024-06-05 10:13:30, R: 155, G: 162, B: 144
2024-06-05 10:14:30, R: 153, G: 159, B: 140
2024-06-05 10:15:30, R: 128, G: 134, B: 119
2024-06-05 10:16:30, R: 126, G: 131, B: 117
2024-06-05 10:17:30, R: 133, G: 139, B: 123
2024-06-05 10:18:30, R: 138, G: 144, B: 130
2024-06-05 10:19:30, R: 133, G: 139, B: 125
2024-06-05 10:20:30, R: 128, G: 134, B: 121
2024-06-05 10:21:30, R: 119, G: 127, B: 113
2024-06-05 10:22:30, R: 119, G: 127, B: 112
2024-06-05 10:23:30, R: 116, G: 124, B: 109
2024-06-05 10:24:30, R: 115, G: 123, B: 108
2024-06-05 10:25:30, R: 113, G: 121, B: 106
2024-06-05 10:26:30, R: 110, G: 118, B: 103
2024-06-05 10:27:30, R: 135, G: 143, B: 127
2024-06-05 10:28:30, R: 134, G: 142, B: 126
2024-06-05 10:29:30, R: 132, G: 140, B: 123
2024-06-05 10:30:30, R: 131, G: 139, B: 122
2024-06-05 10:31:30, R: 132, G: 140, B: 122
2024-06-05 10:32:30, R: 133, G: 142, B: 123
2024-06-05 10:33:30, R: 135, G: 144, B: 125
2024-06-05 10:34:30, R: 140, G: 149, B: 130
2024-06-05 10:35:30, R: 144, G: 153, B: 133
2024-06-05 10:36:30, R: 144, G: 153, B: 134
2024-06-05 10:37:30, R: 147, G: 156, B: 137
2024-06-05 10:38:30, R: 148, G: 157, B: 139
2024-06-05 10:39:30, R: 149, G: 158, B: 139
2024-06-05 10:40:30, R: 149, G: 158, B: 139
2024-06-05 10:41:30, R: 150, G: 159, B: 140
2024-06-05 10:42:31, R: 149, G: 158, B: 140
2024-06-05 10:43:31, R: 150, G: 159, B: 141
2024-06-05 10:44:31, R: 150, G: 159, B: 140
2024-06-05 10:45:31, R: 151, G: 160, B: 141
2024-06-05 10:46:31, R: 154, G: 163, B: 143
2024-06-05 10:47:31, R: 156, G: 165, B: 146
2024-06-05 10:48:31, R: 158, G: 167, B: 148
2024-06-05 10:49:31, R: 158, G: 166, B: 148
2024-06-05 10:50:31, R: 162, G: 171, B: 151
2024-06-05 10:51:31, R: 150, G: 158, B: 141
2024-06-05 10:52:31, R: 148, G: 156, B: 140
2024-06-05 10:53:31, R: 146, G: 155, B: 138
2024-06-05 10:54:31, R: 143, G: 152, B: 136
2024-06-05 10:55:31, R: 141, G: 150, B: 134
2024-06-05 10:56:31, R: 137, G: 146, B: 131
2024-06-05 10:57:31, R: 155, G: 164, B: 143
2024-06-05 10:58:31, R: 127, G: 136, B: 122
2024-06-05 10:59:31, R: 128, G: 139, B: 124
2024-06-05 11:00:31, R: 160, G: 168, B: 146
2024-06-05 11:01:31, R: 160, G: 168, B: 146
2024-06-05 11:02:31, R: 152, G: 160, B: 139
2024-06-05 11:03:31, R: 135, G: 144, B: 125
2024-06-05 11:04:31, R: 118, G: 127, B: 111
2024-06-05 11:05:31, R: 117, G: 127, B: 111
2024-06-05 11:06:31, R: 113, G: 122, B: 107
2024-06-05 11:07:31, R: 129, G: 138, B: 123
2024-06-05 11:08:31, R: 139, G: 148, B: 131
2024-06-05 11:09:31, R: 131, G: 141, B: 125
2024-06-05 11:10:31, R: 131, G: 139, B: 124
2024-06-05 11:11:31, R: 133, G: 141, B: 126
2024-06-05 11:12:31, R: 135, G: 144, B: 128
2024-06-05 11:13:31, R: 138, G: 147, B: 130
2024-06-05 11:14:31, R: 140, G: 149, B: 132
2024-06-05 11:15:31, R: 143, G: 152, B: 134
2024-06-05 11:16:31, R: 148, G: 157, B: 138
2024-06-05 11:17:31, R: 144, G: 152, B: 135
2024-06-05 11:18:31, R: 141, G: 149, B: 133
2024-06-05 11:19:31, R: 137, G: 145, B: 129
2024-06-05 11:20:31, R: 137, G: 143, B: 129
2024-06-05 11:21:31, R: 136, G: 142, B: 128
2024-06-05 11:22:31, R: 134, G: 140, B: 125
2024-06-05 11:23:31, R: 136, G: 144, B: 128
2024-06-05 11:24:31, R: 130, G: 138, B: 122
2024-06-05 11:25:31, R: 126, G: 135, B: 118
2024-06-05 11:26:31, R: 126, G: 134, B: 117
2024-06-05 11:27:31, R: 131, G: 139, B: 122
2024-06-05 11:28:31, R: 135, G: 143, B: 125
2024-06-05 11:29:31, R: 121, G: 129, B: 111
2024-06-05 11:30:31, R: 122, G: 130, B: 112
2024-06-05 11:31:31, R: 122, G: 130, B: 112
2024-06-05 11:32:31, R: 124, G: 132, B: 114
2024-06-05 11:33:31, R: 130, G: 138, B: 119
2024-06-05 11:34:31, R: 130, G: 138, B: 119
2024-06-05 11:35:31, R: 134, G: 142, B: 123
2024-06-05 11:36:31, R: 132, G: 140, B: 121
2024-06-05 11:37:32, R: 125, G: 133, B: 116
2024-06-05 11:38:32, R: 121, G: 129, B: 113
2024-06-05 11:39:32, R: 118, G: 126, B: 110
2024-06-05 11:40:32, R: 115, G: 123, B: 107
2024-06-05 11:41:32, R: 115, G: 122, B: 107
2024-06-05 11:42:32, R: 132, G: 140, B: 124
2024-06-05 11:43:32, R: 131, G: 140, B: 124
2024-06-05 11:44:32, R: 131, G: 139, B: 124
2024-06-05 11:45:32, R: 132, G: 142, B: 125
2024-06-05 11:46:32, R: 137, G: 146, B: 129
2024-06-05 11:47:32, R: 137, G: 147, B: 130
2024-06-05 11:48:32, R: 134, G: 144, B: 128
2024-06-05 11:49:32, R: 144, G: 154, B: 137
2024-06-05 11:50:32, R: 135, G: 144, B: 124
2024-06-05 11:51:32, R: 142, G: 150, B: 129
2024-06-05 11:52:32, R: 146, G: 154, B: 133
2024-06-05 11:53:32, R: 132, G: 143, B: 126
2024-06-05 11:54:32, R: 162, G: 171, B: 151
2024-06-05 11:55:32, R: 158, G: 167, B: 148
2024-06-05 11:56:32, R: 157, G: 167, B: 147
2024-06-05 11:57:32, R: 156, G: 166, B: 146
2024-06-05 11:58:32, R: 154, G: 164, B: 144
2024-06-05 11:59:32, R: 156, G: 166, B: 146
2024-06-05 12:00:32, R: 155, G: 165, B: 146
2024-06-05 12:01:32, R: 156, G: 166, B: 146
2024-06-05 12:02:32, R: 155, G: 165, B: 146
2024-06-05 12:03:32, R: 154, G: 164, B: 145
2024-06-05 12:04:32, R: 156, G: 166, B: 147
2024-06-05 12:05:32, R: 156, G: 166, B: 147
2024-06-05 12:06:32, R: 157, G: 167, B: 148
2024-06-05 12:07:32, R: 157, G: 167, B: 148
2024-06-05 12:08:32, R: 158, G: 168, B: 148
2024-06-05 12:09:32, R: 151, G: 161, B: 142
2024-06-05 12:10:32, R: 136, G: 147, B: 135
2024-06-05 12:11:32, R: 159, G: 172, B: 158
2024-06-05 12:12:32, R: 120, G: 133, B: 120
2024-06-05 12:13:32, R: 135, G: 147, B: 135
2024-06-05 12:14:32, R: 125, G: 137, B: 125
2024-06-05 12:15:32, R: 129, G: 140, B: 127
2024-06-05 12:16:32, R: 127, G: 139, B: 123
2024-06-05 12:17:32, R: 118, G: 130, B: 118
2024-06-05 12:18:32, R: 111, G: 123, B: 113
2024-06-05 12:19:32, R: 131, G: 140, B: 130
2024-06-05 12:20:32, R: 123, G: 131, B: 124
2024-06-05 12:21:32, R: 122, G: 129, B: 123
2024-06-05 12:22:32, R: 125, G: 132, B: 127
2024-06-05 12:23:32, R: 128, G: 136, B: 127
2024-06-05 12:24:32, R: 138, G: 147, B: 135
2024-06-05 12:25:32, R: 162, G: 173, B: 161
2024-06-05 12:26:32, R: 137, G: 148, B: 139
2024-06-05 12:27:32, R: 116, G: 126, B: 120
2024-06-05 12:28:32, R: 126, G: 135, B: 129
2024-06-05 12:29:32, R: 127, G: 136, B: 126
2024-06-05 12:30:32, R: 131, G: 139, B: 129
2024-06-05 12:31:32, R: 139, G: 149, B: 136
2024-06-05 12:32:32, R: 167, G: 177, B: 166
2024-06-05 12:33:33, R: 155, G: 165, B: 154
2024-06-05 12:34:33, R: 130, G: 140, B: 132
2024-06-05 12:35:33, R: 134, G: 143, B: 132
2024-06-05 12:36:33, R: 137, G: 144, B: 137
2024-06-05 12:37:33, R: 136, G: 144, B: 135
2024-06-05 12:38:33, R: 120, G: 130, B: 126
2024-06-05 12:39:33, R: 119, G: 126, B: 119
2024-06-05 12:40:33, R: 113, G: 120, B: 115
2024-06-05 12:41:33, R: 110, G: 117, B: 112
2024-06-05 12:42:33, R: 115, G: 121, B: 115
2024-06-05 12:43:33, R: 120, G: 127, B: 119
2024-06-05 12:44:33, R: 127, G: 134, B: 124
2024-06-05 12:45:33, R: 136, G: 147, B: 140
2024-06-05 12:46:33, R: 156, G: 166, B: 156
2024-06-05 12:47:33, R: 154, G: 165, B: 154
2024-06-05 12:48:33, R: 153, G: 162, B: 151
2024-06-05 12:49:33, R: 152, G: 161, B: 150
2024-06-05 12:50:33, R: 152, G: 161, B: 150
2024-06-05 12:51:33, R: 152, G: 161, B: 150
2024-06-05 12:52:33, R: 151, G: 160, B: 149
2024-06-05 12:53:33, R: 152, G: 161, B: 150
2024-06-05 12:54:33, R: 151, G: 160, B: 149
2024-06-05 12:55:33, R: 149, G: 158, B: 147
2024-06-05 12:56:33, R: 150, G: 159, B: 148
2024-06-05 12:57:33, R: 149, G: 159, B: 148
2024-06-05 12:58:33, R: 150, G: 159, B: 149
2024-06-05 12:59:33, R: 150, G: 159, B: 149
2024-06-05 13:00:33, R: 149, G: 158, B: 148
2024-06-05 13:01:33, R: 128, G: 137, B: 125
2024-06-05 13:02:33, R: 150, G: 161, B: 149
2024-06-05 13:03:33, R: 157, G: 168, B: 157
2024-06-05 13:04:33, R: 126, G: 134, B: 124
2024-06-05 13:05:33, R: 132, G: 140, B: 129
2024-06-05 13:06:33, R: 164, G: 174, B: 165
2024-06-05 13:07:33, R: 163, G: 173, B: 164
2024-06-05 13:08:33, R: 146, G: 156, B: 147
2024-06-05 13:09:33, R: 108, G: 117, B: 112
2024-06-05 13:10:33, R: 121, G: 132, B: 124
2024-06-05 13:11:33, R: 153, G: 163, B: 151
2024-06-05 13:12:33, R: 133, G: 143, B: 132
2024-06-05 13:13:33, R: 160, G: 169, B: 158
2024-06-05 13:14:33, R: 156, G: 166, B: 156
2024-06-05 13:15:33, R: 134, G: 140, B: 132
2024-06-05 13:16:33, R: 130, G: 136, B: 128
2024-06-05 13:17:33, R: 129, G: 135, B: 125
2024-06-05 13:18:33, R: 131, G: 138, B: 132
2024-06-05 13:19:33, R: 135, G: 142, B: 135
2024-06-05 13:20:33, R: 140, G: 147, B: 140
2024-06-05 13:21:33, R: 148, G: 156, B: 146
2024-06-05 13:22:33, R: 123, G: 134, B: 125
2024-06-05 13:23:33, R: 118, G: 125, B: 119
2024-06-05 13:24:33, R: 115, G: 121, B: 116
2024-06-05 13:25:33, R: 116, G: 123, B: 116
2024-06-05 13:26:33, R: 116, G: 124, B: 115
2024-06-05 13:27:33, R: 119, G: 128, B: 118
2024-06-05 13:28:34, R: 120, G: 132, B: 118
2024-06-05 13:29:34, R: 120, G: 132, B: 119
2024-06-05 13:30:34, R: 154, G: 167, B: 151
2024-06-05 13:31:34, R: 157, G: 168, B: 158
2024-06-05 13:32:34, R: 156, G: 168, B: 157
2024-06-05 13:33:34, R: 152, G: 164, B: 154
2024-06-05 13:34:34, R: 151, G: 163, B: 153
2024-06-05 13:35:34, R: 123, G: 135, B: 124
2024-06-05 13:36:34, R: 120, G: 132, B: 122
2024-06-05 13:37:34, R: 154, G: 165, B: 155
2024-06-05 13:38:34, R: 109, G: 120, B: 109
2024-06-05 13:39:34, R: 126, G: 137, B: 121
2024-06-05 13:40:34, R: 146, G: 158, B: 147
2024-06-05 13:41:34, R: 152, G: 165, B: 153
2024-06-05 13:42:34, R: 157, G: 169, B: 158
2024-06-05 13:43:34, R: 128, G: 139, B: 129
2024-06-05 13:44:34, R: 150, G: 162, B: 150
2024-06-05 13:45:34, R: 110, G: 122, B: 111
2024-06-05 13:46:34, R: 107, G: 117, B: 105
2024-06-05 13:47:34, R: 130, G: 140, B: 128
2024-06-05 13:48:34, R: 138, G: 148, B: 134
2024-06-05 13:49:34, R: 126, G: 136, B: 127
2024-06-05 13:50:34, R: 104, G: 114, B: 107
2024-06-05 13:51:34, R: 113, G: 124, B: 112
2024-06-05 13:52:34, R: 114, G: 124, B: 113
2024-06-05 13:53:34, R: 114, G: 124, B: 112
2024-06-05 13:54:34, R: 116, G: 126, B: 114
2024-06-05 13:55:34, R: 114, G: 124, B: 113
2024-06-05 13:56:34, R: 108, G: 117, B: 106
2024-06-05 13:57:34, R: 108, G: 117, B: 106
2024-06-05 13:58:34, R: 109, G: 118, B: 106
2024-06-05 13:59:34, R: 113, G: 124, B: 111
2024-06-05 14:00:34, R: 142, G: 153, B: 141
2024-06-05 14:01:34, R: 151, G: 162, B: 151
2024-06-05 14:02:34, R: 153, G: 164, B: 154
2024-06-05 14:03:34, R: 126, G: 137, B: 125
2024-06-05 14:04:34, R: 127, G: 137, B: 125
2024-06-05 14:05:34, R: 127, G: 137, B: 124
2024-06-05 14:06:34, R: 116, G: 125, B: 114
2024-06-05 14:07:34, R: 114, G: 123, B: 112
2024-06-05 14:08:34, R: 111, G: 121, B: 111
2024-06-05 14:09:34, R: 116, G: 126, B: 115
2024-06-05 14:10:34, R: 114, G: 124, B: 114
2024-06-05 14:11:34, R: 112, G: 122, B: 114
2024-06-05 14:12:34, R: 149, G: 160, B: 151
2024-06-05 14:13:34, R: 148, G: 159, B: 150
2024-06-05 14:14:34, R: 148, G: 159, B: 150
2024-06-05 14:15:34, R: 140, G: 152, B: 140
2024-06-05 14:16:34, R: 151, G: 162, B: 154
2024-06-05 14:17:34, R: 135, G: 146, B: 137
2024-06-05 14:18:34, R: 133, G: 144, B: 134
2024-06-05 14:19:34, R: 128, G: 140, B: 130
2024-06-05 14:20:34, R: 107, G: 120, B: 106
2024-06-05 14:21:34, R: 146, G: 157, B: 148
2024-06-05 14:22:34, R: 147, G: 158, B: 148
2024-06-05 14:23:34, R: 112, G: 123, B: 111
2024-06-05 14:24:35, R: 140, G: 151, B: 136
2024-06-05 14:25:35, R: 140, G: 151, B: 140
2024-06-05 14:26:35, R: 145, G: 156, B: 146
2024-06-05 14:27:35, R: 138, G: 150, B: 140
2024-06-05 14:28:35, R: 150, G: 161, B: 151
2024-06-05 14:29:35, R: 109, G: 120, B: 107
2024-06-05 14:30:35, R: 151, G: 162, B: 151
2024-06-05 14:31:35, R: 123, G: 134, B: 126
2024-06-05 14:32:35, R: 118, G: 129, B: 114
2024-06-05 14:33:35, R: 137, G: 147, B: 136
2024-06-05 14:34:35, R: 121, G: 133, B: 121
2024-06-05 14:35:35, R: 139, G: 149, B: 138
2024-06-05 14:36:35, R: 137, G: 148, B: 137
2024-06-05 14:37:35, R: 136, G: 147, B: 136
2024-06-05 14:38:35, R: 133, G: 143, B: 133
2024-06-05 14:39:35, R: 130, G: 142, B: 130
2024-06-05 14:40:35, R: 129, G: 141, B: 129
2024-06-05 14:41:35, R: 128, G: 139, B: 128
2024-06-05 14:42:35, R: 129, G: 139, B: 127
2024-06-05 14:43:35, R: 128, G: 139, B: 128
2024-06-05 14:44:35, R: 127, G: 138, B: 127
2024-06-05 14:45:35, R: 127, G: 138, B: 127
2024-06-05 14:46:35, R: 126, G: 138, B: 127
2024-06-05 14:47:35, R: 126, G: 138, B: 126
2024-06-05 14:48:35, R: 128, G: 139, B: 127
2024-06-05 14:49:35, R: 130, G: 142, B: 130
2024-06-05 14:50:35, R: 127, G: 139, B: 127
2024-06-05 14:51:35, R: 129, G: 141, B: 129
2024-06-05 14:52:35, R: 128, G: 140, B: 128
2024-06-05 14:53:35, R: 126, G: 138, B: 126
2024-06-05 14:54:35, R: 126, G: 137, B: 127
2024-06-05 14:55:35, R: 122, G: 134, B: 123
2024-06-05 14:56:35, R: 120, G: 131, B: 119
2024-06-05 14:57:35, R: 120, G: 132, B: 122
2024-06-05 14:58:35, R: 123, G: 134, B: 123
2024-06-05 14:59:35, R: 124, G: 134, B: 125
2024-06-05 15:00:35, R: 122, G: 131, B: 120
2024-06-05 15:01:35, R: 119, G: 130, B: 119
2024-06-05 15:02:35, R: 120, G: 130, B: 119
2024-06-05 15:03:35, R: 120, G: 130, B: 118
2024-06-05 15:04:35, R: 120, G: 131, B: 119
2024-06-05 15:05:35, R: 121, G: 130, B: 121
2024-06-05 15:06:35, R: 120, G: 130, B: 120
2024-06-05 15:07:35, R: 119, G: 129, B: 118
2024-06-05 15:08:35, R: 119, G: 129, B: 120
2024-06-05 15:09:35, R: 121, G: 131, B: 122
2024-06-05 15:10:35, R: 123, G: 133, B: 126
2024-06-05 15:11:35, R: 118, G: 129, B: 120
2024-06-05 15:12:35, R: 118, G: 129, B: 120
2024-06-05 15:13:35, R: 120, G: 130, B: 121
2024-06-05 15:14:35, R: 118, G: 129, B: 120
2024-06-05 15:15:35, R: 118, G: 128, B: 119
2024-06-05 15:16:35, R: 118, G: 128, B: 119
2024-06-05 15:17:35, R: 118, G: 128, B: 119
2024-06-05 15:18:35, R: 118, G: 127, B: 117
2024-06-05 15:19:36, R: 118, G: 126, B: 116
2024-06-05 15:20:36, R: 117, G: 127, B: 119
2024-06-05 15:21:36, R: 118, G: 127, B: 117
2024-06-05 15:22:36, R: 115, G: 125, B: 115
2024-06-05 15:23:36, R: 115, G: 124, B: 116
2024-06-05 15:24:36, R: 115, G: 124, B: 115
2024-06-05 15:25:36, R: 113, G: 123, B: 113
2024-06-05 15:26:36, R: 112, G: 122, B: 112
2024-06-05 15:27:36, R: 113, G: 122, B: 115
2024-06-05 15:28:36, R: 113, G: 122, B: 115
2024-06-05 15:29:36, R: 115, G: 125, B: 116
2024-06-05 15:30:36, R: 114, G: 123, B: 113
2024-06-05 15:31:36, R: 113, G: 123, B: 115
2024-06-05 15:32:36, R: 112, G: 123, B: 115
2024-06-05 15:33:36, R: 115, G: 124, B: 114
2024-06-05 15:34:36, R: 114, G: 123, B: 115
2024-06-05 15:35:36, R: 114, G: 124, B: 115
2024-06-05 15:36:36, R: 116, G: 124, B: 115
2024-06-05 15:37:36, R: 116, G: 125, B: 115
2024-06-05 15:38:36, R: 114, G: 124, B: 115
2024-06-05 15:39:36, R: 115, G: 123, B: 114
2024-06-05 15:40:36, R: 115, G: 124, B: 115
2024-06-05 15:41:36, R: 114, G: 123, B: 116
2024-06-05 15:42:36, R: 116, G: 127, B: 118
2024-06-05 15:43:36, R: 113, G: 123, B: 114
2024-06-05 15:44:36, R: 117, G: 125, B: 116
2024-06-05 15:45:36, R: 117, G: 125, B: 116
2024-06-05 15:46:36, R: 116, G: 126, B: 117
2024-06-05 15:47:36, R: 117, G: 125, B: 117
2024-06-05 15:48:36, R: 120, G: 127, B: 121
2024-06-05 15:49:36, R: 119, G: 127, B: 121
2024-06-05 15:50:36, R: 119, G: 127, B: 122
2024-06-05 15:51:36, R: 121, G: 129, B: 124
2024-06-05 15:52:36, R: 133, G: 141, B: 137
2024-06-05 15:53:36, R: 138, G: 145, B: 142
2024-06-05 15:54:36, R: 127, G: 134, B: 130
2024-06-05 15:55:36, R: 122, G: 130, B: 127
2024-06-05 15:56:36, R: 126, G: 134, B: 130
2024-06-05 15:57:36, R: 127, G: 135, B: 131
2024-06-05 15:58:36, R: 126, G: 135, B: 131
2024-06-05 15:59:36, R: 127, G: 135, B: 131
2024-06-05 16:00:36, R: 125, G: 133, B: 129
2024-06-05 16:01:36, R: 125, G: 133, B: 129
2024-06-05 16:02:36, R: 125, G: 133, B: 129
2024-06-05 16:03:36, R: 125, G: 133, B: 126
2024-06-05 16:04:36, R: 128, G: 136, B: 130
2024-06-05 16:05:36, R: 126, G: 134, B: 130
2024-06-05 16:06:36, R: 126, G: 133, B: 128
2024-06-05 16:07:36, R: 125, G: 133, B: 130
2024-06-05 16:08:36, R: 123, G: 131, B: 127
2024-06-05 16:09:36, R: 124, G: 131, B: 128
2024-06-05 16:10:36, R: 124, G: 132, B: 128
2024-06-05 16:11:36, R: 122, G: 130, B: 127
2024-06-05 16:12:36, R: 124, G: 132, B: 128
2024-06-05 16:13:36, R: 122, G: 130, B: 127
2024-06-05 16:14:37, R: 119, G: 127, B: 124
2024-06-05 16:15:37, R: 118, G: 126, B: 123
2024-06-05 16:16:37, R: 117, G: 125, B: 120
2024-06-05 16:17:37, R: 118, G: 126, B: 123
2024-06-05 16:18:37, R: 119, G: 126, B: 123
2024-06-05 16:19:37, R: 118, G: 126, B: 123
2024-06-05 16:20:37, R: 114, G: 121, B: 115
2024-06-05 16:21:37, R: 118, G: 126, B: 121
2024-06-05 16:22:37, R: 117, G: 125, B: 122
2024-06-05 16:23:37, R: 121, G: 128, B: 124
2024-06-05 16:24:37, R: 118, G: 125, B: 121
2024-06-05 16:25:37, R: 121, G: 128, B: 123
2024-06-05 16:26:37, R: 120, G: 126, B: 119
2024-06-05 16:27:37, R: 116, G: 122, B: 118
2024-06-05 16:28:37, R: 117, G: 123, B: 120
2024-06-05 16:29:37, R: 118, G: 125, B: 122
2024-06-05 16:30:37, R: 119, G: 126, B: 122
2024-06-05 16:31:37, R: 117, G: 124, B: 119
2024-06-05 16:32:37, R: 116, G: 122, B: 119
2024-06-05 16:33:37, R: 116, G: 123, B: 119
2024-06-05 16:34:37, R: 113, G: 120, B: 115
2024-06-05 16:35:37, R: 116, G: 122, B: 119
2024-06-05 16:36:37, R: 117, G: 123, B: 120
2024-06-05 16:37:37, R: 114, G: 120, B: 118
2024-06-05 16:38:37, R: 111, G: 117, B: 114
2024-06-05 16:39:37, R: 113, G: 120, B: 114
2024-06-05 16:40:37, R: 114, G: 121, B: 117
2024-06-05 16:41:37, R: 115, G: 121, B: 119
2024-06-05 16:42:37, R: 110, G: 117, B: 112
2024-06-05 16:43:37, R: 110, G: 117, B: 113
2024-06-05 16:44:37, R: 113, G: 119, B: 113
2024-06-05 16:45:37, R: 111, G: 118, B: 112
2024-06-05 16:46:37, R: 111, G: 118, B: 112
2024-06-05 16:47:37, R: 110, G: 116, B: 111
2024-06-05 16:48:37, R: 108, G: 114, B: 108
2024-06-05 16:49:37, R: 106, G: 112, B: 106
2024-06-05 16:50:37, R: 107, G: 112, B: 107
2024-06-05 16:51:37, R: 105, G: 111, B: 106
2024-06-05 16:52:37, R: 105, G: 111, B: 106
2024-06-05 16:53:37, R: 105, G: 111, B: 106
2024-06-05 16:54:37, R: 103, G: 109, B: 104
2024-06-05 16:55:37, R: 104, G: 110, B: 108
2024-06-05 16:56:37, R: 105, G: 111, B: 107
2024-06-05 16:57:37, R: 104, G: 110, B: 105
2024-06-05 16:58:37, R: 104, G: 110, B: 108
2024-06-05 16:59:37, R: 107, G: 113, B: 108
2024-06-05 17:00:37, R: 108, G: 114, B: 110
2024-06-05 17:01:37, R: 107, G: 113, B: 108
2024-06-05 17:02:37, R: 106, G: 112, B: 108
2024-06-05 17:03:37, R: 107, G: 112, B: 109
2024-06-05 17:04:37, R: 104, G: 110, B: 105
2024-06-05 17:05:37, R: 102, G: 108, B: 104
2024-06-05 17:06:37, R: 102, G: 108, B: 104
2024-06-05 17:07:37, R: 104, G: 110, B: 106
2024-06-05 17:08:37, R: 103, G: 108, B: 104
2024-06-05 17:09:37, R: 101, G: 107, B: 103
2024-06-05 17:10:38, R: 100, G: 106, B: 102
2024-06-05 17:11:38, R: 100, G: 106, B: 102
2024-06-05 17:12:38, R: 96, G: 102, B: 98
2024-06-05 17:13:38, R: 93, G: 99, B: 95
2024-06-05 17:14:38, R: 94, G: 99, B: 95
2024-06-05 17:15:38, R: 93, G: 99, B: 95
2024-06-05 17:16:38, R: 92, G: 98, B: 94
2024-06-05 17:17:38, R: 94, G: 100, B: 97
2024-06-05 17:18:38, R: 97, G: 103, B: 100
2024-06-05 17:19:38, R: 96, G: 102, B: 99
2024-06-05 17:20:38, R: 94, G: 100, B: 97
2024-06-05 17:21:38, R: 94, G: 100, B: 97
2024-06-05 17:22:38, R: 96, G: 102, B: 99
2024-06-05 17:23:38, R: 92, G: 98, B: 95
2024-06-05 17:24:38, R: 91, G: 97, B: 95
2024-06-05 17:25:38, R: 85, G: 90, B: 88
2024-06-05 17:26:38, R: 86, G: 91, B: 89
2024-06-05 17:27:38, R: 88, G: 93, B: 92
2024-06-05 17:28:38, R: 93, G: 98, B: 97
2024-06-05 17:29:38, R: 112, G: 118, B: 117
2024-06-05 17:30:38, R: 107, G: 113, B: 112
2024-06-05 17:31:38, R: 110, G: 116, B: 116
2024-06-05 17:32:38, R: 108, G: 114, B: 114
2024-06-05 17:33:38, R: 109, G: 115, B: 116
2024-06-05 17:34:38, R: 107, G: 113, B: 113
2024-06-05 17:35:38, R: 108, G: 114, B: 115
2024-06-05 17:36:38, R: 105, G: 111, B: 112
2024-06-05 17:37:38, R: 103, G: 112, B: 111
2024-06-05 17:38:38, R: 101, G: 110, B: 109
2024-06-05 17:39:38, R: 96, G: 104, B: 104
2024-06-05 17:40:38, R: 97, G: 106, B: 106
2024-06-05 17:41:38, R: 98, G: 107, B: 107
2024-06-05 17:42:38, R: 97, G: 105, B: 106
2024-06-05 17:43:38, R: 96, G: 103, B: 104
2024-06-05 17:44:38, R: 91, G: 98, B: 94
2024-06-05 17:45:38, R: 93, G: 100, B: 94
2024-06-05 17:46:38, R: 90, G: 97, B: 92
2024-06-05 17:47:38, R: 90, G: 98, B: 93
2024-06-05 17:48:38, R: 87, G: 95, B: 90
2024-06-05 17:49:38, R: 86, G: 94, B: 89
2024-06-05 17:50:38, R: 83, G: 90, B: 86
2024-06-05 17:51:38, R: 82, G: 89, B: 85
2024-06-05 17:52:38, R: 81, G: 88, B: 84
2024-06-05 17:53:38, R: 78, G: 86, B: 82
2024-06-05 17:54:38, R: 94, G: 102, B: 99
2024-06-05 17:55:38, R: 92, G: 100, B: 97
2024-06-05 17:56:38, R: 91, G: 100, B: 96
2024-06-05 17:57:38, R: 90, G: 98, B: 95
2024-06-05 17:58:38, R: 88, G: 96, B: 93
2024-06-05 17:59:38, R: 87, G: 96, B: 93
2024-06-05 18:00:38, R: 86, G: 94, B: 91
2024-06-05 18:01:38, R: 83, G: 92, B: 89
2024-06-05 18:02:38, R: 85, G: 93, B: 91
2024-06-05 18:03:38, R: 84, G: 92, B: 90
2024-06-05 18:04:38, R: 82, G: 90, B: 89
2024-06-05 18:05:39, R: 80, G: 89, B: 87
2024-06-05 18:06:39, R: 79, G: 87, B: 86
2024-06-05 18:07:39, R: 79, G: 87, B: 85
2024-06-05 18:08:39, R: 78, G: 86, B: 87
2024-06-05 18:09:39, R: 77, G: 84, B: 86
2024-06-05 18:10:39, R: 76, G: 83, B: 85
2024-06-05 18:11:39, R: 123, G: 134, B: 134
2024-06-05 18:12:39, R: 125, G: 136, B: 135
2024-06-05 18:13:39, R: 123, G: 134, B: 133
2024-06-05 18:14:39, R: 121, G: 133, B: 131
2024-06-05 18:15:39, R: 119, G: 130, B: 130
2024-06-05 18:16:39, R: 113, G: 125, B: 123
2024-06-05 18:17:39, R: 114, G: 126, B: 125
2024-06-05 18:18:39, R: 113, G: 125, B: 124
2024-06-05 18:19:39, R: 113, G: 124, B: 123
2024-06-05 18:20:39, R: 114, G: 124, B: 126
2024-06-05 18:21:39, R: 110, G: 122, B: 119
2024-06-05 18:22:39, R: 107, G: 120, B: 117
2024-06-05 18:23:39, R: 107, G: 119, B: 116
2024-06-05 18:24:39, R: 107, G: 120, B: 117
2024-06-05 18:25:39, R: 102, G: 114, B: 113
2024-06-05 18:26:39, R: 102, G: 114, B: 112
2024-06-05 18:27:39, R: 102, G: 115, B: 112
2024-06-05 18:28:39, R: 100, G: 113, B: 110
2024-06-05 18:29:39, R: 98, G: 110, B: 109
2024-06-05 18:30:39, R: 97, G: 111, B: 108
2024-06-05 18:31:39, R: 99, G: 111, B: 109
2024-06-05 18:32:39, R: 97, G: 110, B: 108
2024-06-05 18:33:39, R: 94, G: 107, B: 105
2024-06-05 18:34:39, R: 93, G: 104, B: 104
2024-06-05 18:35:39, R: 88, G: 99, B: 101
2024-06-05 18:36:39, R: 84, G: 94, B: 99
2024-06-05 18:37:39, R: 93, G: 105, B: 105
2024-06-05 18:38:39, R: 91, G: 104, B: 103
2024-06-05 18:39:39, R: 89, G: 101, B: 101
2024-06-05 18:40:39, R: 89, G: 101, B: 100
2024-06-05 18:41:39, R: 88, G: 100, B: 101
2024-06-05 18:42:39, R: 87, G: 98, B: 100
2024-06-05 18:43:39, R: 85, G: 97, B: 98
2024-06-05 18:44:39, R: 84, G: 96, B: 94
2024-06-05 18:45:39, R: 83, G: 95, B: 94
2024-06-05 18:46:39, R: 81, G: 93, B: 92
2024-06-05 18:47:39, R: 80, G: 92, B: 91
2024-06-05 18:48:39, R: 79, G: 90, B: 92
2024-06-05 18:49:39, R: 79, G: 90, B: 91
2024-06-05 18:50:39, R: 77, G: 88, B: 89
2024-06-05 18:51:39, R: 76, G: 86, B: 88
2024-06-05 18:52:39, R: 74, G: 85, B: 86
2024-06-05 18:53:39, R: 73, G: 83, B: 84
2024-06-05 18:54:39, R: 71, G: 82, B: 83
2024-06-05 18:55:39, R: 69, G: 79, B: 81
2024-06-05 18:56:39, R: 68, G: 78, B: 79
2024-06-05 18:57:39, R: 69, G: 75, B: 77
2024-06-05 18:58:39, R: 67, G: 73, B: 75
2024-06-05 18:59:39, R: 66, G: 72, B: 74
2024-06-05 19:00:40, R: 63, G: 70, B: 72
2024-06-05 19:01:40, R: 98, G: 112, B: 109
2024-06-05 19:02:40, R: 96, G: 109, B: 107
2024-06-05 19:03:40, R: 90, G: 102, B: 102
2024-06-05 19:04:40, R: 99, G: 108, B: 111
2024-06-05 19:05:40, R: 115, G: 126, B: 124
2024-06-05 19:06:40, R: 112, G: 123, B: 121
2024-06-05 19:07:40, R: 108, G: 120, B: 118
2024-06-05 19:08:40, R: 107, G: 117, B: 116
2024-06-05 19:09:40, R: 103, G: 114, B: 113
2024-06-05 19:10:40, R: 101, G: 111, B: 110
2024-06-05 19:11:40, R: 98, G: 108, B: 107
2024-06-05 19:12:40, R: 95, G: 105, B: 104
2024-06-05 19:13:40, R: 92, G: 102, B: 101
2024-06-05 19:14:40, R: 89, G: 98, B: 98
2024-06-05 19:15:40, R: 86, G: 95, B: 95
2024-06-05 19:16:40, R: 83, G: 92, B: 92
2024-06-05 19:17:40, R: 79, G: 88, B: 89
2024-06-05 19:18:40, R: 76, G: 85, B: 85
2024-06-05 19:19:40, R: 73, G: 82, B: 83
2024-06-05 19:20:40, R: 69, G: 78, B: 79
2024-06-05 19:21:40, R: 66, G: 75, B: 76
2024-06-05 19:22:40, R: 84, G: 94, B: 94
2024-06-05 19:23:40, R: 84, G: 91, B: 92
2024-06-05 19:24:40, R: 80, G: 87, B: 89
2024-06-05 19:25:40, R: 77, G: 83, B: 85
2024-06-05 19:26:40, R: 73, G: 79, B: 81
2024-06-05 19:27:40, R: 69, G: 75, B: 77
2024-06-05 19:28:40, R: 66, G: 71, B: 73
2024-06-05 19:29:40, R: 64, G: 69, B: 71
2024-06-05 19:30:40, R: 73, G: 82, B: 80
2024-06-05 19:31:40, R: 54, G: 60, B: 63
2024-06-05 19:32:40, R: 65, G: 72, B: 72
2024-06-05 19:33:40, R: 60, G: 67, B: 67
2024-06-05 19:34:40, R: 58, G: 64, B: 64
2024-06-05 19:35:40, R: 53, G: 60, B: 59
2024-06-05 19:36:40, R: 49, G: 56, B: 56
2024-06-05 19:37:40, R: 46, G: 52, B: 52
2024-06-05 19:38:40, R: 43, G: 49, B: 49
2024-06-05 19:39:40, R: 58, G: 65, B: 66
2024-06-05 19:40:40, R: 49, G: 57, B: 60
2024-06-05 19:41:40, R: 45, G: 53, B: 57
2024-06-05 19:42:40, R: 42, G: 50, B: 56
2024-06-05 19:43:40, R: 39, G: 46, B: 53
2024-06-05 19:44:40, R: 36, G: 42, B: 50
2024-06-05 19:45:40, R: 33, G: 39, B: 47
2024-06-05 19:46:40, R: 33, G: 37, B: 44
2024-06-05 19:47:40, R: 30, G: 34, B: 41
2024-06-05 19:48:40, R: 32, G: 34, B: 39
2024-06-05 19:49:40, R: 29, G: 31, B: 37
2024-06-05 19:50:40, R: 26, G: 28, B: 37
2024-06-05 19:51:40, R: 24, G: 28, B: 35
2024-06-05 19:52:40, R: 22, G: 24, B: 34
2024-06-05 19:53:40, R: 20, G: 22, B: 31
2024-06-05 19:54:40, R: 17, G: 19, B: 29
2024-06-05 19:55:40, R: 18, G: 17, B: 25
2024-06-05 19:56:40, R: 16, G: 15, B: 23
2024-06-05 19:57:40, R: 14, G: 13, B: 21
2024-06-05 19:58:40, R: 13, G: 12, B: 21
2024-06-05 19:59:40, R: 12, G: 10, B: 18
2024-06-05 20:00:40, R: 10, G: 9, B: 16
2024-06-05 20:01:40, R: 10, G: 7, B: 15
2024-06-05 20:02:40, R: 9, G: 6, B: 20
2024-06-05 20:03:40, R: 6, G: 6, B: 21
2024-06-05 20:04:40, R: 6, G: 5, B: 19
2024-06-05 20:05:40, R: 6, G: 4, B: 18
2024-06-05 20:06:40, R: 6, G: 4, B: 17
2024-06-05 20:07:40, R: 7, G: 3, B: 22
2024-06-05 20:08:40, R: 7, G: 3, B: 22
2024-06-05 20:09:40, R: 6, G: 3, B: 20
2024-06-05 20:10:40, R: 6, G: 3, B: 19
2024-06-05 20:11:40, R: 6, G: 3, B: 18
2024-06-05 20:12:40, R: 6, G: 3, B: 17
2024-06-05 20:13:40, R: 6, G: 3, B: 17
2024-06-05 20:14:40, R: 6, G: 3, B: 16
2024-06-05 20:15:40, R: 6, G: 3, B: 16
2024-06-05 20:16:40, R: 6, G: 3, B: 15
2024-06-05 20:17:40, R: 6, G: 3, B: 15
2024-06-05 20:18:40, R: 6, G: 3, B: 15
2024-06-05 20:19:40, R: 6, G: 3, B: 15
2024-06-05 20:20:40, R: 6, G: 3, B: 14
2024-06-05 20:21:40, R: 6, G: 3, B: 14
2024-06-05 20:22:40, R: 6, G: 3, B: 14
2024-06-05 20:23:40, R: 6, G: 3, B: 14
2024-06-05 20:24:40, R: 6, G: 3, B: 13
2024-06-05 20:25:40, R: 6, G: 3, B: 12
2024-06-05 20:26:40, R: 6, G: 3, B: 12
2024-06-05 20:27:40, R: 6, G: 3, B: 12
2024-06-05 20:28:40, R: 6, G: 3, B: 12
2024-06-05 20:29:40, R: 6, G: 3, B: 13
2024-06-05 20:30:40, R: 6, G: 3, B: 13
2024-06-05 20:31:40, R: 6, G: 3, B: 13
2024-06-05 20:32:40, R: 6, G: 3, B: 12
2024-06-05 20:33:40, R: 6, G: 3, B: 12
2024-06-05 20:34:40, R: 6, G: 3, B: 12
2024-06-05 20:35:40, R: 6, G: 3, B: 12
2024-06-05 20:36:40, R: 6, G: 3, B: 13
2024-06-05 20:37:40, R: 6, G: 3, B: 13
2024-06-05 20:38:40, R: 6, G: 3, B: 13
2024-06-05 20:39:40, R: 6, G: 3, B: 12
2024-06-05 20:40:40, R: 6, G: 3, B: 12
2024-06-05 20:41:40, R: 6, G: 3, B: 13
2024-06-05 20:42:40, R: 6, G: 3, B: 12
2024-06-05 20:43:40, R: 6, G: 3, B: 13
2024-06-05 20:44:40, R: 6, G: 3, B: 12
2024-06-05 20:45:40, R: 6, G: 3, B: 13
2024-06-05 20:46:40, R: 6, G: 3, B: 13
2024-06-05 20:47:40, R: 6, G: 3, B: 12
2024-06-05 20:48:40, R: 6, G: 3, B: 12
2024-06-05 20:49:40, R: 6, G: 3, B: 12
2024-06-05 20:50:40, R: 6, G: 3, B: 12
2024-06-05 20:51:40, R: 6, G: 3, B: 13
2024-06-05 20:52:40, R: 6, G: 3, B: 12
2024-06-05 20:53:40, R: 6, G: 3, B: 13
2024-06-05 20:54:40, R: 4, G: 0, B: 10
2024-06-05 20:55:40, R: 7, G: 1, B: 15
2024-06-05 20:56:40, R: 4, G: 1, B: 15
2024-06-05 20:57:40, R: 4, G: 0, B: 11
2024-06-05 20:58:40, R: 4, G: 0, B: 11
2024-06-05 20:59:40, R: 5, G: 0, B: 12
2024-06-05 21:00:40, R: 5, G: 0, B: 12
2024-06-05 21:01:40, R: 5, G: 0, B: 12
2024-06-05 21:02:40, R: 5, G: 1, B: 13
2024-06-05 21:03:40, R: 6, G: 1, B: 13
2024-06-05 21:04:40, R: 6, G: 1, B: 13
2024-06-05 21:05:40, R: 6, G: 1, B: 13
2024-06-05 21:06:40, R: 6, G: 1, B: 13
2024-06-05 21:07:40, R: 6, G: 1, B: 14
2024-06-05 21:08:40, R: 7, G: 1, B: 14
2024-06-05 21:09:40, R: 7, G: 1, B: 15
2024-06-05 21:10:40, R: 6, G: 1, B: 14
2024-06-05 21:11:40, R: 7, G: 1, B: 15
2024-06-05 21:12:40, R: 6, G: 1, B: 14
2024-06-05 21:13:40, R: 7, G: 1, B: 15
2024-06-05 21:14:40, R: 7, G: 1, B: 14
2024-06-05 21:15:40, R: 7, G: 1, B: 15
2024-06-05 21:16:40, R: 7, G: 1, B: 15
2024-06-05 21:17:40, R: 7, G: 1, B: 15
2024-06-05 21:18:40, R: 7, G: 1, B: 15
2024-06-05 21:19:40, R: 7, G: 1, B: 15
2024-06-05 21:20:40, R: 6, G: 1, B: 14
2024-06-05 21:21:40, R: 6, G: 1, B: 14
2024-06-05 21:22:40, R: 7, G: 1, B: 15
2024-06-05 21:23:40, R: 7, G: 1, B: 14
2024-06-05 21:24:40, R: 7, G: 1, B: 14
2024-06-05 21:25:40, R: 6, G: 1, B: 14
2024-06-05 21:26:40, R: 6, G: 1, B: 14
2024-06-05 21:27:40, R: 7, G: 1, B: 15
2024-06-05 21:28:40, R: 7, G: 1, B: 14
2024-06-05 21:29:40, R: 6, G: 1, B: 14
2024-06-05 21:30:40, R: 6, G: 1, B: 14
2024-06-05 21:31:40, R: 6, G: 1, B: 14
2024-06-05 21:32:40, R: 6, G: 1, B: 14
2024-06-05 21:33:40, R: 6, G: 1, B: 15
2024-06-05 21:34:40, R: 6, G: 1, B: 14
2024-06-05 21:35:40, R: 7, G: 1, B: 15
2024-06-05 21:36:40, R: 7, G: 1, B: 15
2024-06-05 21:37:40, R: 6, G: 1, B: 14
2024-06-05 21:38:40, R: 6, G: 1, B: 15
2024-06-05 21:39:40, R: 7, G: 1, B: 15
2024-06-05 21:40:40, R: 7, G: 1, B: 15
2024-06-05 21:41:40, R: 7, G: 1, B: 15
2024-06-05 21:42:40, R: 7, G: 1, B: 15
2024-06-05 21:43:40, R: 7, G: 1, B: 15
2024-06-05 21:44:40, R: 7, G: 1, B: 15
2024-06-05 21:45:40, R: 7, G: 1, B: 15
2024-06-05 21:46:40, R: 7, G: 1, B: 15
2024-06-05 21:47:40, R: 7, G: 1, B: 14
2024-06-05 21:48:40, R: 7, G: 1, B: 15
2024-06-05 21:49:40, R: 7, G: 1, B: 15
2024-06-05 21:50:40, R: 7, G: 1, B: 15
2024-06-05 21:51:40, R: 7, G: 1, B: 15
2024-06-05 21:52:40, R: 7, G: 1, B: 15
2024-06-05 21:53:40, R: 7, G: 1, B: 15
2024-06-05 21:54:40, R: 6, G: 1, B: 15
2024-06-05 21:55:40, R: 7, G: 1, B: 14
2024-06-05 21:56:40, R: 7, G: 1, B: 15
2024-06-05 21:57:40, R: 6, G: 1, B: 14
2024-06-05 21:58:40, R: 6, G: 1, B: 15
2024-06-05 21:59:40, R: 6, G: 1, B: 15
2024-06-05 22:00:40, R: 6, G: 1, B: 13
2024-06-05 22:01:40, R: 4, G: 0, B: 11
2024-06-05 22:02:40, R: 3, G: 0, B: 9
2024-06-05 22:03:40, R: 4, G: 0, B: 11
2024-06-05 22:04:40, R: 4, G: 0, B: 11
2024-06-05 22:05:40, R: 5, G: 0, B: 12
2024-06-05 22:06:40, R: 5, G: 0, B: 11
2024-06-05 22:07:40, R: 5, G: 0, B: 12
2024-06-05 22:08:40, R: 5, G: 0, B: 13
2024-06-05 22:09:40, R: 6, G: 1, B: 13
2024-06-05 22:10:40, R: 6, G: 1, B: 13
2024-06-05 22:11:40, R: 6, G: 1, B: 14
2024-06-05 22:12:40, R: 6, G: 1, B: 14
2024-06-05 22:13:40, R: 6, G: 1, B: 14
2024-06-05 22:14:40, R: 6, G: 1, B: 14
2024-06-05 22:15:41, R: 6, G: 1, B: 14
2024-06-05 22:16:41, R: 6, G: 1, B: 14
2024-06-05 22:17:41, R: 6, G: 1, B: 14
2024-06-05 22:18:41, R: 6, G: 1, B: 14
2024-06-05 22:19:41, R: 6, G: 1, B: 14
2024-06-05 22:20:41, R: 6, G: 1, B: 14
2024-06-05 22:21:41, R: 7, G: 1, B: 14
2024-06-05 22:22:41, R: 6, G: 1, B: 14
2024-06-05 22:23:41, R: 6, G: 1, B: 14
2024-06-05 22:24:41, R: 6, G: 1, B: 14
2024-06-05 22:25:41, R: 6, G: 1, B: 14
2024-06-05 22:26:41, R: 6, G: 1, B: 14
2024-06-05 22:27:41, R: 6, G: 1, B: 13
2024-06-05 22:28:41, R: 6, G: 1, B: 14
2024-06-05 22:29:41, R: 6, G: 1, B: 14
2024-06-05 22:30:41, R: 6, G: 1, B: 14
2024-06-05 22:31:41, R: 5, G: 0, B: 13
2024-06-05 22:32:41, R: 5, G: 0, B: 13
2024-06-05 22:33:41, R: 6, G: 1, B: 14
2024-06-05 22:34:41, R: 6, G: 1, B: 14
2024-06-05 22:35:41, R: 6, G: 0, B: 13
2024-06-05 22:36:41, R: 6, G: 1, B: 14
2024-06-05 22:37:41, R: 6, G: 1, B: 14
2024-06-05 22:38:41, R: 6, G: 1, B: 14
2024-06-05 22:39:41, R: 6, G: 1, B: 14
2024-06-05 22:40:41, R: 6, G: 1, B: 14
2024-06-05 22:41:41, R: 6, G: 1, B: 14
2024-06-05 22:42:41, R: 6, G: 0, B: 13
2024-06-05 22:43:41, R: 6, G: 1, B: 14
2024-06-05 22:44:41, R: 6, G: 1, B: 14
2024-06-05 22:45:41, R: 6, G: 1, B: 15
2024-06-05 22:46:41, R: 6, G: 1, B: 14
2024-06-05 22:47:41, R: 7, G: 1, B: 15
2024-06-05 22:48:41, R: 6, G: 1, B: 13
2024-06-05 22:49:41, R: 5, G: 0, B: 13
2024-06-05 22:50:41, R: 5, G: 0, B: 12
2024-06-05 22:51:41, R: 5, G: 0, B: 13
2024-06-05 22:52:41, R: 5, G: 0, B: 12
2024-06-05 22:53:41, R: 6, G: 0, B: 13
2024-06-05 22:54:41, R: 5, G: 0, B: 13
2024-06-05 22:55:41, R: 6, G: 1, B: 13
2024-06-05 22:56:41, R: 6, G: 1, B: 14
2024-06-05 22:57:41, R: 5, G: 0, B: 13
2024-06-05 22:58:41, R: 6, G: 1, B: 14
2024-06-05 22:59:41, R: 6, G: 1, B: 14
2024-06-05 23:00:41, R: 6, G: 1, B: 14
2024-06-05 23:01:41, R: 6, G: 1, B: 14
2024-06-05 23:02:41, R: 6, G: 0, B: 13
2024-06-05 23:03:41, R: 6, G: 1, B: 13
2024-06-05 23:04:41, R: 6, G: 1, B: 14
2024-06-05 23:05:41, R: 6, G: 1, B: 13
2024-06-05 23:06:41, R: 6, G: 1, B: 14
2024-06-05 23:07:41, R: 6, G: 1, B: 14
2024-06-05 23:08:41, R: 6, G: 1, B: 14
2024-06-05 23:09:41, R: 5, G: 0, B: 13
2024-06-05 23:10:41, R: 6, G: 1, B: 13
2024-06-05 23:11:41, R: 6, G: 1, B: 14
2024-06-05 23:12:41, R: 6, G: 0, B: 13
2024-06-05 23:13:41, R: 6, G: 1, B: 13
2024-06-05 23:14:41, R: 5, G: 0, B: 12
2024-06-05 23:15:41, R: 5, G: 0, B: 12
2024-06-05 23:16:41, R: 5, G: 0, B: 13
2024-06-05 23:17:41, R: 5, G: 0, B: 12
2024-06-05 23:18:41, R: 2, G: 0, B: 6
2024-06-05 23:19:41, R: 2, G: 0, B: 5
2024-06-05 23:20:41, R: 4, G: 0, B: 11
2024-06-05 23:21:41, R: 4, G: 0, B: 10
2024-06-05 23:22:41, R: 4, G: 0, B: 10
2024-06-05 23:23:41, R: 3, G: 0, B: 8
2024-06-05 23:24:41, R: 4, G: 0, B: 9
2024-06-05 23:25:41, R: 4, G: 0, B: 10
2024-06-05 23:26:41, R: 3, G: 0, B: 8
2024-06-05 23:27:41, R: 3, G: 0, B: 7
2024-06-05 23:28:41, R: 2, G: 0, B: 6
2024-06-05 23:29:41, R: 2, G: 0, B: 6
2024-06-05 23:30:41, R: 3, G: 0, B: 8
2024-06-05 23:31:41, R: 3, G: 0, B: 8
2024-06-05 23:32:41, R: 3, G: 0, B: 9
2024-06-05 23:33:41, R: 3, G: 0, B: 7
2024-06-05 23:34:41, R: 3, G: 0, B: 8
2024-06-05 23:35:41, R: 2, G: 0, B: 7
2024-06-05 23:36:41, R: 3, G: 0, B: 8
2024-06-05 23:37:41, R: 3, G: 0, B: 8
2024-06-05 23:38:41, R: 3, G: 0, B: 8
2024-06-05 23:39:41, R: 3, G: 0, B: 8
2024-06-05 23:40:41, R: 3, G: 0, B: 7
2024-06-05 23:41:41, R: 3, G: 0, B: 7
2024-06-05 23:42:41, R: 3, G: 0, B: 8
2024-06-05 23:43:41, R: 3, G: 0, B: 8
2024-06-05 23:44:41, R: 3, G: 0, B: 7
2024-06-05 23:45:41, R: 3, G: 0, B: 7
2024-06-05 23:46:41, R: 3, G: 0, B: 7
2024-06-05 23:47:41, R: 3, G: 0, B: 7
2024-06-05 23:48:41, R: 2, G: 0, B: 6
2024-06-05 23:49:41, R: 2, G: 0, B: 6
2024-06-05 23:50:41, R: 2, G: 0, B: 6
2024-06-05 23:51:41, R: 3, G: 0, B: 9
2024-06-05 23:52:41, R: 2, G: 0, B: 6
2024-06-05 23:53:41, R: 3, G: 0, B: 7
2024-06-05 23:54:41, R: 3, G: 0, B: 8
2024-06-05 23:55:41, R: 3, G: 0, B: 8
2024-06-05 23:56:41, R: 3, G: 0, B: 7
2024-06-05 23:57:41, R: 3, G: 0, B: 7
2024-06-05 23:58:41, R: 2, G: 0, B: 6
2024-06-05 23:59:41, R: 2, G: 0, B: 6
